{
    "best_model_name": "CatBoost",
    "best_model_score": 0.9656984830738214,
    "all_models": {
        "Linear Regression": {
            "r2_score": 0.9604967931084395,
            "mae": 26.2557237668587,
            "rmse": 35.53396310365469
        },
        "Random Forest": {
            "r2_score": 0.9646694602524974,
            "mae": 24.503556722172092,
            "rmse": 33.604899933409904
        },
        "XGBoost": {
            "r2_score": 0.9615620452517342,
            "mae": 28.043941557412268,
            "rmse": 35.05158054866785
        },
        "CatBoost": {
            "r2_score": 0.9656984830738214,
            "mae": 24.211450827743647,
            "rmse": 33.111902425079464
        },
        "LightGBM": {
            "r2_score": 0.9647781335279751,
            "mae": 26.063846798226162,
            "rmse": 33.553177441130046
        }
    }
}