{
    "model": "CNN + Bidirectional LSTM",
    "r2_score": 0.9704850723161048,
    "mae": 21.294566646797595,
    "rmse": 30.71677011043951,
    "epochs_trained": 64,
    "seq_len": 48,
    "n_features": 69
}